Replicate,Day,Treatment,Female_Mortality,Insemination,Mycosis,Male_hpi
Replicate1,2,Hybrid1,0,0,0,1
Replicate1,2,RFP2,1,1,1,1
Replicate1,2,Control,0,0,0,1
Replicate1,2,RFP1,3,3,2,1
Replicate1,2,Hybrid2,0,0,0,1
Replicate1,3,Control,3,2,0,1
Replicate1,3,Hybrid1,0,0,0,1
Replicate1,3,Hybrid2,3,3,2,1
Replicate1,3,Hybrid2,3,0,0,1
Replicate1,3,RFP1,1,1,1,1
Replicate1,3,RFP2,4,3,3,1
Replicate1,4,Control,0,0,0,1
Replicate1,4,Hybrid1,0,0,0,1
Replicate1,4,RFP2,6,5,6,1
Replicate1,4,Hybrid2,7,7,7,1
Replicate1,4,RFP1,1,1,1,1
Replicate1,5,Hybrid1,12,12,12,1
Replicate1,5,Hybrid2,8,8,7,1
Replicate1,5,RFP1,0,0,0,1
Replicate1,5,RFP2,9,7,9,1
Replicate1,5,Control,0,0,0,1
Replicate1,6,RFP1,0,0,0,1
Replicate1,6,Hybrid1,0,0,0,1
Replicate1,6,Hybrid2,0,0,0,1
Replicate1,6,Control,0,0,0,1
Replicate1,6,RFP2,4,3,3,1
Replicate1,7,Control,0,0,0,1
Replicate1,7,Hybrid1,19,13,17,1
Replicate1,7,RFP1,3,3,2,1
Replicate1,7,RFP2,0,0,0,1
Replicate1,7,Hybrid2,13,9,10,1
Replicate1,8,RFP1,5,4,3,1
Replicate1,8,Control,7,7,0,1
Replicate1,8,RFP2,1,1,1,1
Replicate1,8,Hybrid1,1,1,1,1
Replicate1,8,Hybrid2,1,1,1,1
Replicate1,9,Control,0,0,0,1
Replicate1,9,RFP1,5,5,5,1
Replicate1,9,RFP2,9,7,7,1
Replicate1,9,Hybrid1,1,1,1,1
Replicate1,9,Hybrid2,0,0,0,1
Replicate1,10,Control,0,0,0,1
Replicate1,10,RFP1,1,0,1,1
Replicate1,10,RFP2,1,1,1,1
Replicate1,10,Hybrid1,2,2,2,1
Replicate1,10,Hybrid2,1,1,0,1
Replicate1,11,Control,0,0,0,1
Replicate1,11,RFP1,7,7,7,1
Replicate1,11,RFP2,1,1,1,1
Replicate1,11,Hybrid1,0,0,0,1
Replicate1,11,Hybrid2,0,0,0,1
Replicate1,12,Control,0,0,0,1
Replicate1,12,RFP1,0,0,0,1
Replicate1,12,RFP2,2,1,1,1
Replicate1,12,Hybrid1,0,0,0,1
Replicate1,12,Hybrid2,0,0,0,1
Replicate1,13,Control,0,0,0,1
Replicate1,13,RFP1,0,0,0,1
Replicate1,13,RFP2,0,0,0,1
Replicate1,13,Hybrid1,3,2,3,1
Replicate1,13,Hybrid2,0,0,0,1
Replicate1,14,Control,3,1,0,1
Replicate1,14,RFP1,0,0,0,1
Replicate1,14,RFP2,0,0,0,1
Replicate1,14,Hybrid1,0,0,0,1
Replicate1,14,Hybrid2,0,0,0,1
Replicate1,Alive,Control,37,29,0,1
Replicate1,Alive,RFP1,24,18,0,1
Replicate1,Alive,RFP2,12,9,0,1
Replicate1,Alive,Hybrid1,12,11,0,1
Replicate1,Alive,Hybrid2,14,10,0,1
Replicate2,2,Hybrid1,1,1,1,1
Replicate2,2,RFP2,1,1,1,1
Replicate2,2,Control,1,1,0,1
Replicate2,2,RFP1,0,0,0,1
Replicate2,2,Hybrid2,0,0,0,1
Replicate2,3,Control,0,0,0,1
Replicate2,3,Hybrid1,0,0,0,1
Replicate2,3,Hybrid2,2,2,2,1
Replicate2,3,Hybrid2,1,1,0,1
Replicate2,3,RFP1,4,3,4,1
Replicate2,3,RFP2,1,1,1,1
Replicate2,4,Control,0,0,0,1
Replicate2,4,Hybrid1,0,0,0,1
Replicate2,4,RFP2,0,0,0,1
Replicate2,4,Hybrid2,0,0,0,1
Replicate2,4,RFP1,2,1,1,1
Replicate2,5,Hybrid1,11,7,10,1
Replicate2,5,Hybrid2,8,6,8,1
Replicate2,5,RFP1,8,8,8,1
Replicate2,5,RFP2,0,0,0,1
Replicate2,5,Control,1,1,0,1
Replicate2,6,RFP1,1,1,0,1
Replicate2,6,Hybrid1,12,9,11,1
Replicate2,6,Hybrid2,14,12,12,1
Replicate2,6,Control,0,0,0,1
Replicate2,6,RFP2,6,3,6,1
Replicate2,7,Control,1,0,0,1
Replicate2,7,Hybrid1,7,6,6,1
Replicate2,7,RFP1,3,3,3,1
Replicate2,7,RFP2,4,3,3,1
Replicate2,7,Hybrid2,6,6,6,1
Replicate2,8,RFP1,5,5,4,1
Replicate2,8,Control,2,2,0,1
Replicate2,8,RFP2,1,1,1,1
Replicate2,8,Hybrid1,1,1,1,1
Replicate2,8,Hybrid2,1,1,1,1
Replicate2,9,Control,0,0,0,1
Replicate2,9,RFP1,4,4,3,1
Replicate2,9,RFP2,2,1,1,1
Replicate2,9,Hybrid1,1,0,0,1
Replicate2,9,Hybrid2,0,0,0,1
Replicate2,10,Control,0,0,0,1
Replicate2,10,RFP1,1,1,1,1
Replicate2,10,RFP2,2,2,2,1
Replicate2,10,Hybrid1,2,0,2,1
Replicate2,10,Hybrid2,1,1,1,1
Replicate2,11,Control,4,4,0,1
Replicate2,11,RFP1,0,0,0,1
Replicate2,11,RFP2,1,1,1,1
Replicate2,11,Hybrid1,0,0,0,1
Replicate2,11,Hybrid2,0,0,0,1
Replicate2,12,Control,0,0,0,1
Replicate2,12,RFP1,0,0,0,1
Replicate2,12,RFP2,4,4,4,1
Replicate2,12,Hybrid1,0,0,0,1
Replicate2,12,Hybrid2,0,0,0,1
Replicate2,13,Control,0,0,0,1
Replicate2,13,RFP1,0,0,0,1
Replicate2,13,RFP2,3,3,3,1
Replicate2,13,Hybrid1,0,0,0,1
Replicate2,13,Hybrid2,0,0,0,1
Replicate2,14,Control,0,0,0,1
Replicate2,14,RFP1,0,0,0,1
Replicate2,14,RFP2,4,4,4,1
Replicate2,14,Hybrid1,0,0,0,1
Replicate2,14,Hybrid2,0,0,0,1
Replicate2,Alive,Control,41,35,0,1
Replicate2,Alive,RFP1,22,20,0,1
Replicate2,Alive,RFP2,21,17,0,1
Replicate2,Alive,Hybrid1,15,9,0,1
Replicate2,Alive,Hybrid2,17,15,0,1
Replicate3,2,Hybrid1,0,0,0,1
Replicate3,2,RFP2,1,1,0,1
Replicate3,2,Control,2,2,0,1
Replicate3,2,RFP1,2,2,2,1
Replicate3,2,Hybrid2,3,3,3,1
Replicate3,3,Control,0,0,0,1
Replicate3,3,Hybrid1,2,2,2,1
Replicate3,3,Hybrid2,3,2,2,1
Replicate3,3,Hybrid2,3,3,3,1
Replicate3,3,RFP1,2,2,2,1
Replicate3,3,RFP2,5,3,5,1
Replicate3,4,Control,1,0,0,1
Replicate3,4,Hybrid1,6,5,4,1
Replicate3,4,RFP2,3,3,3,1
Replicate3,4,Hybrid2,0,0,0,1
Replicate3,4,RFP1,2,2,2,1
Replicate3,5,Hybrid1,9,7,7,1
Replicate3,5,Hybrid2,2,2,2,1
Replicate3,5,RFP1,1,0,0,1
Replicate3,5,RFP2,0,0,0,1
Replicate3,5,Control,0,0,0,1
Replicate3,6,RFP1,1,1,1,1
Replicate3,6,Hybrid1,4,4,4,1
Replicate3,6,Hybrid2,16,11,13,1
Replicate3,6,Control,1,0,0,1
Replicate3,6,RFP2,4,2,2,1
Replicate3,7,Control,0,0,0,1
Replicate3,7,Hybrid1,9,7,7,1
Replicate3,7,RFP1,3,2,2,1
Replicate3,7,RFP2,1,1,1,1
Replicate3,7,Hybrid2,12,10,12,1
Replicate3,8,RFP1,1,0,0,1
Replicate3,8,Control,0,0,0,1
Replicate3,8,RFP2,1,1,1,1
Replicate3,8,Hybrid1,1,1,1,1
Replicate3,8,Hybrid2,1,1,1,1
Replicate3,9,Control,5,3,0,1
Replicate3,9,RFP1,5,3,3,1
Replicate3,9,RFP2,9,9,9,1
Replicate3,9,Hybrid1,1,1,0,1
Replicate3,9,Hybrid2,0,0,0,1
Replicate3,10,Control,2,0,0,1
Replicate3,10,RFP1,1,1,1,1
Replicate3,10,RFP2,2,2,2,1
Replicate3,10,Hybrid1,0,0,0,1
Replicate3,10,Hybrid2,1,1,1,1
Replicate3,11,Control,0,0,0,1
Replicate3,11,RFP1,0,0,0,1
Replicate3,11,RFP2,1,1,1,1
Replicate3,11,Hybrid1,0,0,0,1
Replicate3,11,Hybrid2,0,0,0,1
Replicate3,12,Control,4,2,0,1
Replicate3,12,RFP1,3,3,3,1
Replicate3,12,RFP2,0,0,0,1
Replicate3,12,Hybrid1,0,0,0,1
Replicate3,12,Hybrid2,0,0,0,1
Replicate3,13,Control,0,0,0,1
Replicate3,13,RFP1,2,2,2,1
Replicate3,13,RFP2,0,0,0,1
Replicate3,13,Hybrid1,0,0,0,1
Replicate3,13,Hybrid2,1,1,1,1
Replicate3,14,Control,1,1,0,1
Replicate3,14,RFP1,3,1,3,1
Replicate3,14,RFP2,0,0,0,1
Replicate3,14,Hybrid1,0,0,0,1
Replicate3,14,Hybrid2,0,0,0,1
Replicate3,Alive,Control,34,27,0,1
Replicate3,Alive,RFP1,24,19,0,1
Replicate3,Alive,RFP2,23,19,0,1
Replicate3,Alive,Hybrid1,18,13,0,1
Replicate3,Alive,Hybrid2,8,8,0,1
Replicate1,2,Hybrid,2,1,1,6
Replicate1,2,Control,1,1,0,6
Replicate1,2,RFP,2,2,2,6
Replicate1,3,Control,1,1,0,6
Replicate1,3,Hybrid,1,0,0,6
Replicate1,3,RFP,4,1,1,6
Replicate1,4,Control,0,0,0,6
Replicate1,4,Hybrid,3,0,0,6
Replicate1,4,RFP,1,1,1,6
Replicate1,5,Hybrid,8,8,8,6
Replicate1,5,RFP,0,0,0,6
Replicate1,5,Control,0,0,0,6
Replicate1,6,RFP,0,0,0,6
Replicate1,6,Hybrid,0,0,0,6
Replicate1,6,Control,0,0,0,6
Replicate1,7,Control,3,0,0,6
Replicate1,7,Hybrid,5,3,3,6
Replicate1,7,RFP,3,3,3,6
Replicate1,8,RFP,5,4,4,6
Replicate1,8,Control,0,0,0,6
Replicate1,8,Hybrid,4,3,4,6
Replicate1,9,Control,2,0,0,6
Replicate1,9,RFP,3,3,3,6
Replicate1,9,Hybrid,9,9,9,6
Replicate1,10,Control,2,1,0,6
Replicate1,10,RFP,1,0,0,6
Replicate1,10,Hybrid,2,2,2,6
Replicate1,11,Control,1,1,0,6
Replicate1,11,RFP,6,5,5,6
Replicate1,11,Hybrid,0,0,0,6
Replicate1,12,Control,0,0,0,6
Replicate1,12,RFP,5,5,5,6
Replicate1,12,Hybrid,0,0,0,6
Replicate1,13,Control,1,1,0,6
Replicate1,13,RFP,1,0,1,6
Replicate1,13,Hybrid,1,1,0,6
Replicate1,14,Control,0,0,0,6
Replicate1,14,RFP,0,0,0,6
Replicate1,14,Hybrid,0,0,0,6
Replicate1,Alive,Control,39,37,0,6
Replicate1,Alive,RFP,19,16,0,6
Replicate1,Alive,Hybrid,15,12,0,6
Replicate2,2,Hybrid,1,1,1,6
Replicate2,2,Control,0,0,0,6
Replicate2,2,RFP,0,0,0,6
Replicate2,3,Control,0,0,0,6
Replicate2,3,Hybrid,1,1,1,6
Replicate2,3,RFP,3,3,3,6
Replicate2,4,Control,0,0,0,6
Replicate2,4,Hybrid,7,7,7,6
Replicate2,4,RFP,2,1,1,6
Replicate2,5,Hybrid,13,12,12,6
Replicate2,5,RFP,5,4,4,6
Replicate2,5,Control,0,0,0,6
Replicate2,6,RFP,3,3,3,6
Replicate2,6,Hybrid,10,10,10,6
Replicate2,6,Control,0,0,0,6
Replicate2,7,Control,1,1,0,6
Replicate2,7,Hybrid,2,2,2,6
Replicate2,7,RFP,3,1,1,6
Replicate2,8,RFP,5,5,4,6
Replicate2,8,Control,1,0,0,6
Replicate2,8,Hybrid,9,7,7,6
Replicate2,9,Control,0,0,0,6
Replicate2,9,RFP,4,4,4,6
Replicate2,9,Hybrid,1,1,1,6
Replicate2,10,Control,0,0,0,6
Replicate2,10,RFP,1,1,1,6
Replicate2,10,Hybrid,0,0,0,6
Replicate2,11,Control,0,0,0,6
Replicate2,11,RFP,0,0,0,6
Replicate2,11,Hybrid,0,0,0,6
Replicate2,12,Control,0,0,0,6
Replicate2,12,RFP,0,0,0,6
Replicate2,12,Hybrid,0,0,0,6
Replicate2,13,Control,0,0,0,6
Replicate2,13,RFP,0,0,0,6
Replicate2,13,Hybrid,0,0,0,6
Replicate2,14,Control,0,0,0,6
Replicate2,14,RFP,0,0,0,6
Replicate2,14,Hybrid,0,0,0,6
Replicate2,Alive,Control,48,39,0,6
Replicate2,Alive,RFP,23,20,0,6
Replicate2,Alive,Hybrid,6,4,0,6
Replicate3,2,Hybrid,1,1,1,6
Replicate3,2,Control,0,0,0,6
Replicate3,2,RFP,1,1,1,6
Replicate3,3,Control,2,1,0,6
Replicate3,3,Hybrid,4,4,4,6
Replicate3,3,RFP,3,3,2,6
Replicate3,4,Control,0,0,0,6
Replicate3,4,Hybrid,7,5,5,6
Replicate3,4,RFP,2,2,2,6
Replicate3,5,Hybrid,9,9,9,6
Replicate3,5,RFP,1,1,0,6
Replicate3,5,Control,1,0,0,6
Replicate3,6,RFP,1,1,1,6
Replicate3,6,Hybrid,4,4,4,6
Replicate3,6,Control,0,0,0,6
Replicate3,7,Control,0,0,0,6
Replicate3,7,Hybrid,7,5,5,6
Replicate3,7,RFP,3,3,1,6
Replicate3,8,RFP,1,1,0,6
Replicate3,8,Control,0,0,0,6
Replicate3,8,Hybrid,1,0,0,6
Replicate3,9,Control,0,0,0,6
Replicate3,9,RFP,4,4,2,6
Replicate3,9,Hybrid,1,0,1,6
Replicate3,10,Control,0,0,0,6
Replicate3,10,RFP,1,1,1,6
Replicate3,10,Hybrid,0,0,0,6
Replicate3,11,Control,0,0,0,6
Replicate3,11,RFP,2,2,2,6
Replicate3,11,Hybrid,0,0,0,6
Replicate3,12,Control,0,0,0,6
Replicate3,12,RFP,3,3,2,6
Replicate3,12,Hybrid,0,0,0,6
Replicate3,13,Control,0,0,0,6
Replicate3,13,RFP,1,1,1,6
Replicate3,13,Hybrid,0,0,0,6
Replicate3,14,Control,1,1,0,6
Replicate3,14,RFP,0,0,0,6
Replicate3,14,Hybrid,0,0,0,6
Replicate3,Alive,Control,46,37,0,6
Replicate3,Alive,RFP,27,23,0,6
Replicate3,Alive,Hybrid,16,13,0,6
Replicate1,2,Hybrid,0,0,0,12
Replicate1,2,Control,0,0,0,12
Replicate1,2,RFP,1,1,0,12
Replicate1,3,Control,0,0,0,12
Replicate1,3,Hybrid,7,7,7,12
Replicate1,3,RFP,0,0,0,12
Replicate1,4,Control,0,0,0,12
Replicate1,4,Hybrid,3,0,0,12
Replicate1,4,RFP,1,1,1,12
Replicate1,5,Hybrid,12,11,11,12
Replicate1,5,RFP,3,3,1,12
Replicate1,5,Control,2,2,0,12
Replicate1,6,RFP,0,0,0,12
Replicate1,6,Hybrid,12,9,9,12
Replicate1,6,Control,1,1,0,12
Replicate1,7,Control,1,1,0,12
Replicate1,7,Hybrid,3,3,3,12
Replicate1,7,RFP,5,5,3,12
Replicate1,8,RFP,9,7,5,12
Replicate1,8,Control,1,0,0,12
Replicate1,8,Hybrid,1,1,1,12
Replicate1,9,Control,2,0,0,12
Replicate1,9,RFP,4,4,4,12
Replicate1,9,Hybrid,0,0,0,12
Replicate1,10,Control,0,0,0,12
Replicate1,10,RFP,1,1,1,12
Replicate1,10,Hybrid,2,2,2,12
Replicate1,11,Control,0,0,0,12
Replicate1,11,RFP,0,0,0,12
Replicate1,11,Hybrid,0,0,0,12
Replicate1,12,Control,0,0,0,12
Replicate1,12,RFP,3,2,2,12
Replicate1,12,Hybrid,0,0,0,12
Replicate1,13,Control,0,0,0,12
Replicate1,13,RFP,1,1,1,12
Replicate1,13,Hybrid,0,0,0,12
Replicate1,14,Control,1,1,0,12
Replicate1,14,RFP,0,0,0,12
Replicate1,14,Hybrid,0,0,0,12
Replicate1,Alive,Control,42,34,0,12
Replicate1,Alive,RFP,22,21,0,12
Replicate1,Alive,Hybrid,10,8,0,12
Replicate2,2,Hybrid,0,0,0,12
Replicate2,2,Control,4,4,0,12
Replicate2,2,RFP,2,2,0,12
Replicate2,3,Control,0,0,0,12
Replicate2,3,Hybrid,3,3,3,12
Replicate2,3,RFP,2,2,1,12
Replicate2,4,Control,1,1,0,12
Replicate2,4,Hybrid,2,1,2,12
Replicate2,4,RFP,0,0,0,12
Replicate2,5,Hybrid,4,4,4,12
Replicate2,5,RFP,0,0,0,12
Replicate2,5,Control,0,0,0,12
Replicate2,6,RFP,4,3,2,12
Replicate2,6,Hybrid,14,14,14,12
Replicate2,6,Control,1,0,0,12
Replicate2,7,Control,1,0,0,12
Replicate2,7,Hybrid,0,0,0,12
Replicate2,7,RFP,6,6,4,12
Replicate2,8,RFP,7,7,7,12
Replicate2,8,Control,1,1,0,12
Replicate2,8,Hybrid,6,5,5,12
Replicate2,9,Control,0,0,0,12
Replicate2,9,RFP,5,4,2,12
Replicate2,9,Hybrid,1,0,0,12
Replicate2,10,Control,0,0,0,12
Replicate2,10,RFP,1,1,1,12
Replicate2,10,Hybrid,6,6,6,12
Replicate2,11,Control,0,0,0,12
Replicate2,11,RFP,1,1,1,12
Replicate2,11,Hybrid,1,1,1,12
Replicate2,12,Control,0,0,0,12
Replicate2,12,RFP,0,0,0,12
Replicate2,12,Hybrid,0,0,0,12
Replicate2,13,Control,3,2,0,12
Replicate2,13,RFP,0,0,0,12
Replicate2,13,Hybrid,0,0,0,12
Replicate2,14,Control,4,4,0,12
Replicate2,14,RFP,0,0,0,12
Replicate2,14,Hybrid,0,0,0,12
Replicate2,Alive,Control,35,33,0,12
Replicate2,Alive,RFP,22,18,0,12
Replicate2,Alive,Hybrid,13,8,0,12
Replicate3,2,Hybrid,2,1,1,12
Replicate3,2,Control,0,0,0,12
Replicate3,2,RFP,0,0,0,12
Replicate3,3,Control,1,1,0,12
Replicate3,3,Hybrid,0,0,0,12
Replicate3,3,RFP,1,1,1,12
Replicate3,4,Control,3,3,0,12
Replicate3,4,Hybrid,0,0,0,12
Replicate3,4,RFP,4,2,1,12
Replicate3,5,Hybrid,1,1,1,12
Replicate3,5,RFP,0,0,0,12
Replicate3,5,Control,1,0,0,12
Replicate3,6,RFP,6,6,3,12
Replicate3,6,Hybrid,17,15,15,12
Replicate3,6,Control,2,0,0,12
Replicate3,7,Control,1,1,0,12
Replicate3,7,Hybrid,16,12,13,12
Replicate3,7,RFP,4,3,3,12
Replicate3,8,RFP,8,7,5,12
Replicate3,8,Control,0,0,0,12
Replicate3,8,Hybrid,1,0,0,12
Replicate3,9,Control,0,0,0,12
Replicate3,9,RFP,0,0,0,12
Replicate3,9,Hybrid,1,0,0,12
Replicate3,10,Control,0,0,0,12
Replicate3,10,RFP,0,0,0,12
Replicate3,10,Hybrid,0,0,0,12
Replicate3,11,Control,0,0,0,12
Replicate3,11,RFP,0,0,0,12
Replicate3,11,Hybrid,3,2,2,12
Replicate3,12,Control,0,0,0,12
Replicate3,12,RFP,0,0,0,12
Replicate3,12,Hybrid,0,0,0,12
Replicate3,13,Control,1,0,0,12
Replicate3,13,RFP,1,0,0,12
Replicate3,13,Hybrid,0,0,0,12
Replicate3,14,Control,0,0,0,12
Replicate3,14,RFP,0,0,0,12
Replicate3,14,Hybrid,0,0,0,12
Replicate3,Alive,Control,41,36,0,12
Replicate3,Alive,RFP,26,18,0,12
Replicate3,Alive,Hybrid,9,9,0,12
Replicate1,2,Hybrid,0,0,0,24
Replicate1,2,Control,1,1,0,24
Replicate1,2,RFP,0,0,0,24
Replicate1,3,Control,0,0,0,24
Replicate1,3,Hybrid,0,0,0,24
Replicate1,3,RFP,1,1,1,24
Replicate1,4,Control,1,1,0,24
Replicate1,4,Hybrid,5,3,2,24
Replicate1,4,RFP,0,0,0,24
Replicate1,5,Hybrid,4,2,4,24
Replicate1,5,RFP,2,2,1,24
Replicate1,5,Control,0,0,0,24
Replicate1,6,RFP,4,2,2,24
Replicate1,6,Hybrid,6,4,3,24
Replicate1,6,Control,0,0,0,24
Replicate1,7,Control,1,1,0,24
Replicate1,7,Hybrid,7,5,3,24
Replicate1,7,RFP,1,0,1,24
Replicate1,8,RFP,4,3,3,24
Replicate1,8,Control,1,0,0,24
Replicate1,8,Hybrid,10,6,5,24
Replicate1,9,Control,0,0,0,24
Replicate1,9,RFP,4,3,3,24
Replicate1,9,Hybrid,1,1,1,24
Replicate1,10,Control,0,0,0,24
Replicate1,10,RFP,1,0,0,24
Replicate1,10,Hybrid,1,1,0,24
Replicate1,11,Control,3,3,0,24
Replicate1,11,RFP,5,4,3,24
Replicate1,11,Hybrid,0,0,0,24
Replicate1,12,Control,2,2,0,24
Replicate1,12,RFP,1,1,1,24
Replicate1,12,Hybrid,0,0,0,24
Replicate1,13,Control,3,1,0,24
Replicate1,13,RFP,0,0,0,24
Replicate1,13,Hybrid,0,0,0,24
Replicate1,14,Control,0,0,0,24
Replicate1,14,RFP,2,1,1,24
Replicate1,14,Hybrid,0,0,0,24
Replicate1,Alive,Control,38,35,0,24
Replicate1,Alive,RFP,25,18,0,24
Replicate1,Alive,Hybrid,16,11,0,24
Replicate2,2,Hybrid,3,2,1,24
Replicate2,2,Control,0,0,0,24
Replicate2,2,RFP,0,0,0,24
Replicate2,3,Control,2,2,0,24
Replicate2,3,Hybrid,0,0,0,24
Replicate2,3,RFP,2,2,2,24
Replicate2,4,Control,1,0,0,24
Replicate2,4,Hybrid,0,0,0,24
Replicate2,4,RFP,0,0,0,24
Replicate2,5,Hybrid,5,2,2,24
Replicate2,5,RFP,1,1,1,24
Replicate2,5,Control,1,1,0,24
Replicate2,6,RFP,3,2,2,24
Replicate2,6,Hybrid,8,4,5,24
Replicate2,6,Control,0,0,0,24
Replicate2,7,Control,0,0,0,24
Replicate2,7,Hybrid,0,0,0,24
Replicate2,7,RFP,4,2,2,24
Replicate2,8,RFP,3,3,3,24
Replicate2,8,Control,1,0,0,24
Replicate2,8,Hybrid,7,5,5,24
Replicate2,9,Control,2,2,0,24
Replicate2,9,RFP,2,2,1,24
Replicate2,9,Hybrid,1,0,0,24
Replicate2,10,Control,0,0,0,24
Replicate2,10,RFP,3,2,2,24
Replicate2,10,Hybrid,4,4,3,24
Replicate2,11,Control,0,0,0,24
Replicate2,11,RFP,2,2,2,24
Replicate2,11,Hybrid,1,1,1,24
Replicate2,12,Control,3,3,0,24
Replicate2,12,RFP,4,4,4,24
Replicate2,12,Hybrid,1,1,1,24
Replicate2,13,Control,0,0,0,24
Replicate2,13,RFP,0,0,0,24
Replicate2,13,Hybrid,1,1,1,24
Replicate2,14,Control,0,0,0,24
Replicate2,14,RFP,0,0,0,24
Replicate2,14,Hybrid,1,1,1,24
Replicate2,Alive,Control,40,36,0,24
Replicate2,Alive,RFP,26,17,0,24
Replicate2,Alive,Hybrid,19,10,0,24
Replicate3,2,Hybrid,1,1,1,24
Replicate3,2,Control,1,1,0,24
Replicate3,2,RFP,0,0,0,24
Replicate3,3,Control,1,1,0,24
Replicate3,3,Hybrid,2,1,1,24
Replicate3,3,RFP,0,0,0,24
Replicate3,4,Control,0,0,0,24
Replicate3,4,Hybrid,4,3,3,24
Replicate3,4,RFP,1,1,1,24
Replicate3,5,Hybrid,0,0,0,24
Replicate3,5,RFP,5,4,2,24
Replicate3,5,Control,1,0,0,24
Replicate3,6,RFP,5,4,4,24
Replicate3,6,Hybrid,8,4,4,24
Replicate3,6,Control,0,0,0,24
Replicate3,7,Control,1,1,0,24
Replicate3,7,Hybrid,7,5,5,24
Replicate3,7,RFP,2,2,2,24
Replicate3,8,RFP,3,2,1,24
Replicate3,8,Control,0,0,0,24
Replicate3,8,Hybrid,9,6,5,24
Replicate3,9,Control,0,0,0,24
Replicate3,9,RFP,0,0,0,24
Replicate3,9,Hybrid,1,1,1,24
Replicate3,10,Control,0,0,0,24
Replicate3,10,RFP,6,4,3,24
Replicate3,10,Hybrid,3,0,2,24
Replicate3,11,Control,0,0,0,24
Replicate3,11,RFP,0,0,0,24
Replicate3,11,Hybrid,2,1,1,24
Replicate3,12,Control,0,0,0,24
Replicate3,12,RFP,0,0,0,24
Replicate3,12,Hybrid,0,0,0,24
Replicate3,13,Control,1,1,0,24
Replicate3,13,RFP,1,0,0,24
Replicate3,13,Hybrid,0,0,0,24
Replicate3,14,Control,2,1,0,24
Replicate3,14,RFP,0,0,0,24
Replicate3,14,Hybrid,0,0,0,24
Replicate3,Alive,Control,43,40,0,24
Replicate3,Alive,RFP,27,21,0,24
Replicate3,Alive,Hybrid,13,11,0,24
Replicate1,2,Hybrid,1,1,0,48
Replicate1,2,Control,0,0,0,48
Replicate1,2,RFP,0,0,0,48
Replicate1,3,Control,0,0,0,48
Replicate1,3,Hybrid,1,1,1,48
Replicate1,3,RFP,0,0,0,48
Replicate1,4,Control,1,0,0,48
Replicate1,4,Hybrid,3,3,2,48
Replicate1,4,RFP,2,1,1,48
Replicate1,5,Hybrid,4,2,3,48
Replicate1,5,RFP,1,1,0,48
Replicate1,5,Control,1,1,0,48
Replicate1,6,RFP,0,0,0,48
Replicate1,6,Hybrid,4,1,1,48
Replicate1,6,Control,0,0,0,48
Replicate1,7,Control,1,1,0,48
Replicate1,7,Hybrid,2,2,2,48
Replicate1,7,RFP,3,2,2,48
Replicate1,8,RFP,4,2,4,48
Replicate1,8,Control,1,1,0,48
Replicate1,8,Hybrid,0,0,0,48
Replicate1,9,Control,0,0,0,48
Replicate1,9,RFP,3,2,2,48
Replicate1,9,Hybrid,1,0,0,48
Replicate1,10,Control,0,0,0,48
Replicate1,10,RFP,2,2,2,48
Replicate1,10,Hybrid,1,0,0,48
Replicate1,11,Control,0,0,0,48
Replicate1,11,RFP,4,2,2,48
Replicate1,11,Hybrid,2,0,2,48
Replicate1,12,Control,3,3,0,48
Replicate1,12,RFP,1,1,1,48
Replicate1,12,Hybrid,0,0,0,48
Replicate1,13,Control,3,3,0,48
Replicate1,13,RFP,2,2,2,48
Replicate1,13,Hybrid,0,0,0,48
Replicate1,14,Control,1,1,0,48
Replicate1,14,RFP,1,1,1,48
Replicate1,14,Hybrid,0,0,0,48
Replicate1,Alive,Control,39,31,0,48
Replicate1,Alive,RFP,27,23,0,48
Replicate1,Alive,Hybrid,31,16,0,48
Replicate2,2,Hybrid,0,0,0,48
Replicate2,2,Control,2,2,0,48
Replicate2,2,RFP,1,1,0,48
Replicate2,3,Control,0,0,0,48
Replicate2,3,Hybrid,3,1,2,48
Replicate2,3,RFP,0,0,0,48
Replicate2,4,Control,0,0,0,48
Replicate2,4,Hybrid,1,1,1,48
Replicate2,4,RFP,0,0,0,48
Replicate2,5,Hybrid,0,0,0,48
Replicate2,5,RFP,2,2,1,48
Replicate2,5,Control,1,1,0,48
Replicate2,6,RFP,0,0,0,48
Replicate2,6,Hybrid,5,5,4,48
Replicate2,6,Control,1,1,0,48
Replicate2,7,Control,3,2,0,48
Replicate2,7,Hybrid,0,0,0,48
Replicate2,7,RFP,0,0,0,48
Replicate2,8,RFP,1,1,1,48
Replicate2,8,Control,1,1,0,48
Replicate2,8,Hybrid,2,2,2,48
Replicate2,9,Control,2,1,0,48
Replicate2,9,RFP,0,0,0,48
Replicate2,9,Hybrid,5,5,5,48
Replicate2,10,Control,0,0,0,48
Replicate2,10,RFP,6,4,5,48
Replicate2,10,Hybrid,4,0,0,48
Replicate2,11,Control,0,0,0,48
Replicate2,11,RFP,1,1,1,48
Replicate2,11,Hybrid,0,0,0,48
Replicate2,12,Control,0,0,0,48
Replicate2,12,RFP,4,0,0,48
Replicate2,12,Hybrid,0,0,0,48
Replicate2,13,Control,1,1,0,48
Replicate2,13,RFP,5,2,2,48
Replicate2,13,Hybrid,1,1,0,48
Replicate2,14,Control,2,2,0,48
Replicate2,14,RFP,0,0,0,48
Replicate2,14,Hybrid,0,0,0,48
Replicate2,Alive,Control,37,34,0,48
Replicate2,Alive,RFP,30,26,0,48
Replicate2,Alive,Hybrid,29,17,0,48
Replicate3,2,Hybrid,2,1,1,48
Replicate3,2,Control,0,0,0,48
Replicate3,2,RFP,0,0,0,48
Replicate3,3,Control,2,2,0,48
Replicate3,3,Hybrid,1,1,0,48
Replicate3,3,RFP,3,2,0,48
Replicate3,4,Control,0,0,0,48
Replicate3,4,Hybrid,1,0,0,48
Replicate3,4,RFP,0,0,0,48
Replicate3,5,Hybrid,3,2,1,48
Replicate3,5,RFP,0,0,0,48
Replicate3,5,Control,1,1,0,48
Replicate3,6,RFP,4,0,0,48
Replicate3,6,Hybrid,0,0,0,48
Replicate3,6,Control,0,0,0,48
Replicate3,7,Control,1,1,0,48
Replicate3,7,Hybrid,4,4,4,48
Replicate3,7,RFP,3,2,1,48
Replicate3,8,RFP,0,0,0,48
Replicate3,8,Control,3,3,0,48
Replicate3,8,Hybrid,4,2,2,48
Replicate3,9,Control,2,1,0,48
Replicate3,9,RFP,9,6,4,48
Replicate3,9,Hybrid,1,0,0,48
Replicate3,10,Control,0,0,0,48
Replicate3,10,RFP,0,0,0,48
Replicate3,10,Hybrid,0,0,0,48
Replicate3,11,Control,6,5,0,48
Replicate3,11,RFP,0,0,0,48
Replicate3,11,Hybrid,1,1,1,48
Replicate3,12,Control,0,0,0,48
Replicate3,12,RFP,0,0,0,48
Replicate3,12,Hybrid,0,0,0,48
Replicate3,13,Control,1,1,0,48
Replicate3,13,RFP,1,1,0,48
Replicate3,13,Hybrid,0,0,0,48
Replicate3,14,Control,0,0,0,48
Replicate3,14,RFP,1,1,1,48
Replicate3,14,Hybrid,0,0,0,48
Replicate3,Alive,Control,34,29,0,48
Replicate3,Alive,RFP,29,25,0,48
Replicate3,Alive,Hybrid,33,15,0,48